{
  "mlp": {
    "model": "mlp",
    "accuracy": 0.6219620868438107,
    "f1_macro": 0.20594858714029649,
    "f1_weighted": 0.626401694246167,
    "f1_per_class": {
      "!": 0.0,
      "A": 0.055106539309331376,
      "F": 0.0297029702970297,
      "L": 0.0009557945041816009,
      "N": 0.7963894261766602,
      "R": 0.011808118081180811,
      "V": 0.5476772616136919
    },
    "confusion_matrix": [
      [
        0,
        0,
        0,
        0,
        0,
        0,
        0
      ],
      [
        62,
        150,
        4,
        0,
        1027,
        3,
        490
      ],
      [
        1,
        2,
        54,
        0,
        314,
        0,
        17
      ],
      [
        23,
        129,
        550,
        2,
        2033,
        0,
        1388
      ],
      [
        1681,
        3376,
        2330,
        47,
        27792,
        551,
        655
      ],
      [
        2,
        3,
        0,
        0,
        2088,
        24,
        1359
      ],
      [
        42,
        48,
        310,
        11,
        109,
        11,
        2688
      ]
    ],
    "model_size_kb": 354.02734375,
    "inference_ms": 0.001462122812501132
  },
  "cnn": {
    "model": "cnn",
    "accuracy": 0.7337977965003241,
    "f1_macro": 0.23007751815118954,
    "f1_weighted": 0.6851909338206572,
    "f1_per_class": {
      "!": 0.0,
      "A": 0.05523101433882103,
      "F": 0.006702412868632708,
      "L": 0.00048007681228996637,
      "N": 0.865463366284984,
      "R": 0.01347557551937114,
      "V": 0.669190181234228
    },
    "confusion_matrix": [
      [
        0,
        0,
        0,
        0,
        0,
        0,
        0
      ],
      [
        0,
        104,
        3,
        0,
        1596,
        10,
        23
      ],
      [
        1,
        2,
        5,
        0,
        261,
        0,
        119
      ],
      [
        25,
        93,
        722,
        1,
        1959,
        37,
        1288
      ],
      [
        267,
        1773,
        131,
        12,
        33181,
        9,
        1059
      ],
      [
        15,
        42,
        181,
        0,
        3121,
        24,
        93
      ],
      [
        62,
        16,
        62,
        28,
        128,
        6,
        2917
      ]
    ],
    "model_size_kb": 173.77734375,
    "inference_ms": 0.22608173281250094
  },
  "bnn": {
    "model": "bnn",
    "accuracy": 0.7832550226830849,
    "f1_macro": 0.3060031182817787,
    "f1_weighted": 0.7419355801031391,
    "f1_per_class": {
      "!": 0.0,
      "A": 0.010822510822510822,
      "F": 0.0027124773960217,
      "L": 0.0,
      "N": 0.8921602720142189,
      "R": 0.509932418595126,
      "V": 0.7263941491445736
    },
    "confusion_matrix": [
      [
        0,
        0,
        0,
        0,
        0,
        0,
        0
      ],
      [
        0,
        10,
        4,
        0,
        1700,
        9,
        13
      ],
      [
        0,
        0,
        3,
        0,
        326,
        1,
        58
      ],
      [
        2,
        0,
        1744,
        0,
        2030,
        24,
        325
      ],
      [
        323,
        88,
        20,
        15,
        34635,
        103,
        1248
      ],
      [
        3,
        0,
        3,
        0,
        2212,
        1245,
        13
      ],
      [
        21,
        14,
        50,
        20,
        308,
        25,
        2781
      ]
    ],
    "model_size_kb": 44.7802734375,
    "inference_ms": 0.25203141812500496
  }
}